id,insult
1,0.25160817528956
2,0.9354274743230933
3,0.005906679636691697
4,0.01223497919319097
5,0.9393565205987026
6,0.3612748437876214
7,0.8679041428820148
8,0.29167209891422974
9,0.5193157003300612
10,0.024648995567066595
11,0.0243132911849436
12,0.9474804850237525
13,0.026813530989604723
14,0.11044757768988579
15,0.9995944432601557
16,0.6214014677024866
17,0.17397265665294184
18,0.8886799778506722
19,0.9410588200177992
20,0.8859200511530303
21,0.40155709012706137
22,0.764875048196682
23,0.8110737209824483
24,0.002513819814221257
25,0.17574803173288808
26,0.8285924274710804
27,0.037748964133071536
28,0.11342926766542044
29,0.21078018867058468
30,0.1638872255403142
31,0.43037281578050424
32,0.1626130377426411
33,0.5963952612768949
34,0.2135161720339732
35,0.9371163041411038
36,3.97604675970123e-08
37,0.6536316536491871
38,0.9760704952848354
39,0.2740916967251707
40,0.7532706167280014
41,0.9941872181841053
42,1.9108596484800812e-16
43,0.08711377104627485
44,0.04809735925509717
45,0.5138827623346974
46,0.006911759289284755
47,0.029176773623618292
48,0.39073957811538756
49,0.02652460356541398
50,1.3300498476489228e-06
51,0.4744458647260199
52,0.2871044975681673
53,0.016085568785821902
54,0.7609649267888413
55,7.549668419770417e-08
56,0.8224507806487094
57,0.7663044805596463
58,0.3797186999988699
59,0.17774176550982965
60,0.23619510665361548
61,0.24541723878006158
62,0.00828210621797322
63,0.1337559394171612
64,0.43139450392636985
65,0.7688521438135317
66,0.9821912813437842
67,0.1314802738709893
68,0.19325892913917775
69,0.6942012811736751
70,0.9999983126644476
71,0.00011368355585758028
72,0.005187167916115879
73,0.0017992712434615993
74,0.8922257074348202
75,0.9998829557558483
76,0.9025873152411863
77,0.7380607020043035
78,0.6023171511592177
79,0.5526002511537532
80,0.06712702934046452
81,0.973795277997809
82,0.05726880038825308
83,0.0751458385804414
84,0.2078879633795237
85,0.03103556595145666
86,0.19225707315607576
87,0.23097264980806592
88,0.3893060548410114
89,0.1333177866211255
90,0.44912731962907904
91,0.4164271782259075
92,0.5678528481615928
93,0.910469709907562
94,0.8327173107807013
95,0.19573144762737757
96,8.806116784045885e-05
97,0.9843813125028159
98,0.4523731808992756
99,0.017406483532194
100,0.2508415199557528
101,0.002202721111425058
102,0.5556830700927741
103,0.0021568085105954397
104,0.06246090314530039
105,0.005280888060222345
106,0.8565652880104654
107,0.7197852682498661
108,0.81010165938438
109,0.9945131011005386
110,0.024533889156265046
111,0.17267501027681076
112,0.9115455956255636
113,0.6955904097485857
114,0.0064294152085043015
115,0.4237294793408961
116,0.9785277532638121
117,0.026081851131412044
118,0.3651124976878108
119,0.9506892691020616
120,0.2666337699936019
121,0.9164037748038437
122,0.00116063067173688
123,0.10821876641686874
124,0.3329838157149081
125,0.1201549869955781
126,0.1367326910461418
127,0.6651222610763408
128,0.6939806457908834
129,0.2497962135055116
130,0.8167127188601514
131,0.06854283197547306
132,0.39120106766045876
133,0.3769674949476403
134,0.2835849606935705
135,0.005988298294492708
136,0.09764091846468592
137,0.2502582709873686
138,0.8487308223471205
139,0.07631447660539482
140,0.08532494314652275
141,0.2269223596878583
142,0.955237300067113
143,0.2763077792011649
144,0.36937636013690933
145,0.9139946109571754
146,0.026793068423290836
147,0.21083962492483294
148,0.9267549696575577
149,0.5737673595925173
150,0.6940358773919136
151,0.13693765325391777
152,0.4819853044567323
153,0.02420068171906191
154,0.4797244735743131
155,0.37044010585490406
156,0.011133133435933123
157,0.9985516414347668
158,0.4839397548694509
159,0.25034806335519255
160,0.9428560462198069
161,0.148420807135351
162,0.16398156964472263
163,0.7058568549449157
164,0.5331358850214969
165,0.9386852847866441
166,0.7961843532732731
167,5.243500531612818e-05
168,0.9990377742019737
169,0.948293279921557
170,0.005122626464228463
171,0.9219448089678869
172,0.4475702960392999
173,0.262826327460238
174,0.5990707043367798
175,0.6203370231858301
176,0.9959719329688744
177,0.5410081368823436
178,0.6721377611597679
179,0.952926909074123
180,0.9001568928512675
181,0.07272543103212982
182,0.0056814802920222675
183,0.031174824529382535
184,0.02199503216560914
185,0.40249339625598374
186,0.6405673647908311
187,0.17768430393121026
188,0.16193081498437015
189,0.9832346874289848
190,0.6601551306640256
191,0.24507242661204054
192,0.9235565609853171
193,0.291318221703398
194,3.6231919154032064e-12
195,0.4302651745424882
196,0.6039187322113513
197,0.17308769339441205
198,7.361994939326734e-06
199,0.0622173367469753
200,0.8405115314828039
201,0.5885659062112227
202,0.7398777467510281
203,0.14188533129542782
204,0.027808041300016347
205,0.9832417080758395
206,0.21803912464393133
207,0.011792432912031244
208,0.9819557403616119
209,0.012388768684995938
210,0.017776504728574068
211,0.16171655475199986
212,0.02318962789331286
213,0.9669305595191166
214,0.1587292976676568
215,0.9810169463264792
216,0.4131882399754285
217,0.9326992016990222
218,0.707689316357622
219,0.35085459347415165
220,0.4626296355648549
221,0.16478993899258415
222,0.9873808372409949
223,0.9082116453727198
224,0.44612230939150654
225,0.9886609272716093
226,0.1532257209776938
227,9.942782019748998e-09
228,0.2385075873845491
229,0.8746027821130907
230,0.02157056694757176
231,0.5543968925629662
232,0.16647690315587788
233,0.6272359913791273
234,0.07270025637730718
235,0.9354704268698154
236,0.06398024759132315
237,0.9332269841382409
238,0.9576565536680357
239,1.1320674857504132e-05
240,0.947542222108118
241,0.00015028781797351326
242,0.374678538621303
243,0.7816772248628157
244,0.9859635869409529
245,0.6684801340813984
246,0.059806261375764946
247,0.5773238583016415
248,0.4632334299981947
249,0.7305742291902181
250,0.25436172410594804
251,0.8352419754502552
252,0.9986510806306609
253,0.23946313879663023
254,0.06971067345042334
255,3.1018557444614076e-05
256,0.342929078976827
257,0.1348551603787318
258,0.1827682270180233
259,0.7616039167786112
260,0.5142714345166538
261,0.3198954833678512
262,0.00035503101990406023
263,0.1082021435670311
264,1.5386930224105957e-08
265,1.3491809124735447e-09
266,0.0058450775333769
267,0.9277689758969552
268,0.8917250197746389
269,0.5165139631740151
270,0.9841018903959967
271,0.32130810430198886
272,0.0742681722114297
273,0.4476755284773472
274,0.3785115909629702
275,0.002607255207027056
276,0.2907863310590893
277,0.1792894822697037
278,0.3226673470745657
279,0.7911574546441682
280,0.9997319844385472
281,2.299047714543933e-05
282,0.9962355352195399
283,0.6112018638171822
284,3.081985833354865e-06
285,0.12132010351920462
286,0.6051672598407986
287,0.7971077443730964
288,0.28727983362757903
289,0.6416755179627518
290,0.5898029960288467
291,0.28214315340682616
292,0.8605761349500219
293,0.6873266104745178
294,0.25311770679473705
295,0.09616734572886279
296,0.9672067903684256
297,0.21709734406661538
298,0.0015946130162993646
299,0.3112505188242296
300,0.9615258386132953
301,0.3865526076424866
302,0.010076136644187245
303,0.22854022196927987
304,1.6555984899031356e-05
305,0.506275041443112
306,0.7861349895589366
307,0.8782732075826329
308,0.1736805684164072
309,0.9617194391759992
310,0.4700839676428863
311,0.0024163862774466156
312,0.29452314294166737
313,0.16101610015517762
314,0.0011887333352672274
315,0.5527066389219606
316,0.8549271074487145
317,0.9987919691404549
318,0.0016639172337928978
319,0.004176527404345101
320,0.9229283475303011
321,0.8340897354572988
322,3.2731266279482155e-06
323,0.20498543228795005
324,0.5826618137499232
325,0.6444312952114349
326,0.6902264620566082
327,0.06302766866640096
328,0.8186045212474765
329,0.9990803416441197
330,0.9678129616057374
331,0.0026103776465510728
332,0.049583752859907765
333,0.8047313332735871
334,0.029665651200935523
335,0.4884145043516056
336,0.7205336091834413
337,0.9507225058965747
338,0.4773119955595605
339,0.68672555832258
340,9.055087548812261e-08
341,0.3579099161928311
342,0.019743763895992174
343,0.6891743874735087
344,0.5117929275014085
345,0.5370384197697183
346,0.7170607415872694
347,0.054085364734629104
348,0.4877668270458024
349,0.00014266768437673938
350,0.3247381399194447
351,0.27309525491644365
352,0.0053185710915921195
353,0.38341421141769033
354,0.052621929828456974
355,5.446136845680474e-07
356,0.9999967708035753
357,0.0005807310655989231
358,0.2622196950335808
359,0.2100393386619264
360,0.037547506392842274
361,0.2012961292353624
362,0.1351431818074619
363,0.16515798746409374
364,0.5808699829760686
365,0.14841216440130656
366,3.533687589265125e-06
367,0.9657312995629851
368,0.08729143335478026
369,0.6524796901488236
370,0.4906181923111932
371,0.42294736836992186
372,0.17308607426847122
373,0.06482170672771605
374,0.5768026742356406
375,3.8236663691196584e-06
376,0.9228859398438677
377,2.2447029648477412e-07
378,0.19875296196007738
379,0.3961424448293251
380,0.3707955979672217
381,0.284864924272571
382,0.9071220280562343
383,0.13244936400391652
384,0.07213843555518995
385,0.048872371753494834
386,0.7030051666925444
387,0.627112438542345
388,0.9999426627898487
389,0.07277352934952998
390,0.29479650196431145
391,0.8313863699031389
392,0.6420743936426185
393,0.06372147479096153
394,0.4155766040523262
395,0.16522486934869376
396,0.9398869932772375
397,3.902494980638293e-06
398,7.1162146899282735e-06
399,0.2738543277464431
400,0.13939986660304907
401,8.318127512776564e-05
402,2.815078197557878e-13
403,0.6500279678714961
404,0.007658289704715089
405,0.7012209845062874
406,0.3994399602450652
407,0.2412662153888564
408,0.01596985558880278
409,0.009780932117122705
410,0.7243607896253829
411,0.20430173097818333
412,0.8188152805721042
413,0.1211796846040663
414,0.22265494211496534
415,0.9332650817684264
416,0.5216357157297986
417,0.46657930433095574
418,0.7756148499955358
419,0.33654090457404023
420,0.6273785258527311
421,0.9999164357023158
422,0.0005435171961373754
423,0.6713674685391303
424,0.7127722899206155
425,0.8146507158021553
426,0.4884070231755089
427,0.02442336594816135
428,0.004602167192932386
429,3.2754693259365097e-15
430,0.9673338931298864
431,0.4468682294947814
432,0.3292726349217125
433,0.8866405708225341
434,0.399440453464496
435,0.13196923117582932
436,0.001550955981859682
437,0.2919804550437696
438,0.7549231117265706
439,0.5670663443766819
440,0.039638469296552604
441,0.0011545281583178173
442,0.2527305068167788
443,0.625589227931535
444,1.8780159551227747e-07
445,0.35429507321453757
446,0.9975567200532983
447,0.3944334998563168
448,0.6740847962892075
449,0.9437083084894385
450,0.2312058661732628
451,0.1743480755217701
452,0.8847857849977806
453,5.181011321569595e-05
454,6.975863557340378e-10
455,0.09089345519268931
456,0.9745130754180221
457,4.942121934931452e-05
458,0.08789084612335761
459,0.9914231693506957
460,0.0004191516269096806
461,8.599684667183864e-07
462,0.9822548755026504
463,0.1126461188070252
464,0.7142167162541168
465,0.3162251030646734
466,0.78597891287827
467,0.9878612714851317
468,0.060090322691444834
469,0.7282840622817144
470,0.7185543343572968
471,0.9990366771906284
472,0.5361271594387728
473,0.04056218703598233
474,0.9689486967793041
475,0.8570821393509475
476,0.9081552350217504
477,0.1867163408842661
478,0.12769006145937944
479,0.3352102681251755
480,0.03470744242320991
481,0.06386669334539616
482,0.005698030060905575
483,0.15908482682595126
484,0.07516002463006814
485,0.14933765814118544
486,0.0008718767775975273
487,0.8261230768272936
488,0.9582741823466119
489,0.0012544055974470934
490,0.29249604425519204
491,0.49894216679102976
492,0.7119871075381906
493,0.27668504340866845
494,0.6462833186094936
495,0.7756885219241483
496,0.41129773470382414
497,0.4983223891515729
498,0.9712269017061459
499,0.18829202172267992
500,0.009036276675488768
501,0.03359857141102391
502,0.5268004767342241
503,0.4827959454193732
504,0.1017859222642589
505,0.000633314846194227
506,0.013641503264735606
507,0.8056191144469315
508,0.6306485611592259
509,0.5912966650156084
510,0.17356363247140721
511,0.9797789776749302
512,0.5401391939711591
513,0.745118655366376
514,0.9306531124110188
515,0.574490330941306
516,0.713522657590013
517,0.13370269539434979
518,4.909541113830643e-07
519,0.08985896053527188
520,0.34848938393087897
521,0.48349377967878115
522,0.27073707959048365
523,0.08676302998420007
524,1.728743495111242e-25
525,0.5994442202502813
526,0.4469246230626582
527,6.559199753554076e-10
528,0.06186204797489119
529,1.0972519125124721e-07
530,0.00013016898680528544
531,0.9641713913727356
532,0.2319785462176526
533,0.37446561635395637
534,0.02406813698268873
535,0.7355856707415641
536,0.002322780972422149
537,0.09675195174346789
538,0.8923731542332711
539,0.9097949361382534
540,0.7576932987481805
541,0.30188494788115294
542,0.16491246536740717
543,3.734457521651602e-05
544,0.7349896025646542
545,0.9998927165104049
546,0.9999069844993608
547,0.2183254590856272
548,0.8140541887912329
549,0.012648513024723569
550,0.9398869932772375
551,0.9941910002435504
552,2.706309302651846e-05
553,0.0022745269524250228
554,0.31347536042364066
555,0.6091879525219489
556,0.9389525188963425
557,0.6477931321396213
558,0.2182685628276166
559,0.6434420770686042
560,0.030639057309798812
561,0.9971817845198445
562,0.7475695482519793
563,0.04639482891396544
564,0.12933049416822862
565,0.9096821355560023
566,0.6598703412532582
567,0.9120834221957843
568,0.5869508861857697
569,0.27292194663770236
570,0.3761538315192283
571,0.7117142308733717
572,0.3516057964720841
573,0.12935857328641812
574,0.5936235189004345
575,6.091867595093191e-14
576,0.9698616796938339
577,0.5768718791271588
578,0.03048630219307744
579,0.9049065589038466
580,0.4937788421115261
581,0.06126931943569587
582,0.8692117071093013
583,0.8600689387572477
584,0.923469837884216
585,0.056563745251474846
586,0.0018518809976513675
587,1.6441024348593034e-07
588,0.9413035808027638
589,0.6179231045696786
590,0.020782977610605605
591,0.5567797566758264
592,0.43894040190656247
593,0.889834238875297
594,0.8634569079829802
595,0.007959834017577926
596,0.03978113279015804
597,0.9969085080457826
598,0.992849340183027
599,0.8507693265339681
600,0.3175196599025236
601,0.999999817447718
602,0.021727307255991292
603,0.7374382451608034
604,0.00018981407928628547
605,0.9954261375713718
606,0.9604512228512262
607,0.9951106334164731
608,0.477223683236981
609,4.284648077480464e-10
610,0.24543735840823463
611,0.5142714345166538
612,0.1283715575925353
613,0.8681375662269111
614,0.961716372402332
615,0.5302697470805425
616,0.24000949111901396
617,4.2738676679804386e-10
618,0.9950076583688264
619,0.007245756814790006
620,0.1788100253600884
621,0.9869135300036616
622,0.061055354946428705
623,0.8535877107825246
624,0.9456951288114448
625,0.6519844159150426
626,0.3293499147351288
627,0.25025265347015485
628,0.791119319716359
629,0.005920731922172783
630,0.8586461415364702
631,0.10510360438855587
632,0.031118217033178203
633,0.2246628311026536
634,0.48810013034042293
635,0.0009763844121795645
636,0.013315049330298123
637,0.9287565659287784
638,0.09209597493935266
639,0.03896351696964169
640,0.9965433993351588
641,0.6626593035613769
642,0.14551143009691309
643,0.9608829503702943
644,0.5667505933529081
645,0.597786179809051
646,0.23693681396907212
647,0.41260617747986833
648,0.5711507539006021
649,3.64310801477951e-05
650,0.34460926891958255
651,0.9850490083999138
652,0.02903102531515289
653,0.12657305941297584
654,0.30531002510092997
655,0.8304094594341588
656,0.26913441093205637
657,1.3650057967693816e-05
658,0.13579899810003693
659,0.9805252228539949
660,0.8752831049204624
661,0.6728123719368969
662,0.054110907999200916
663,0.2573403346326273
664,0.7800749722058438
665,9.271453551608122e-16
666,0.3716422062035263
667,0.9168578608600945
668,0.31989195687788635
669,0.9579196075461122
670,0.5172510986769415
671,0.503570259441882
672,0.9453461724900951
673,0.010449245133883678
674,0.8745521886910104
675,0.6635733713741929
676,0.1390647600277686
677,1.5212425872175368e-07
678,0.3655573373311125
679,0.9058245048899979
680,0.10874566942905295
681,0.005881058506213095
682,1.4205915008381332e-05
683,0.9139911402682843
684,0.07656264645931063
685,0.3000893958927316
686,0.9612000302662395
687,0.016243462346716545
688,0.7874811665243119
689,0.044959073821552564
690,7.442612094424605e-05
691,0.75670761226
692,0.7543389513302726
693,0.0023987712873446265
694,0.8886231367828399
695,0.7065809393125442
696,0.48613367810967917
697,0.16812564963188134
698,0.34848543573228363
699,0.4955052256512184
700,0.9398869932772375
701,0.30341511981793073
702,0.9995956514217516
703,0.40164678282238814
704,0.23138203817788328
705,0.6388127678395996
706,0.8640586063141814
707,0.10467470059344267
708,0.14972271874892346
709,0.9995161031884966
710,0.5527800687799712
711,0.7493526861585502
712,8.80543299102726e-10
713,0.18812352948065872
714,0.4912243157633607
715,0.6173494553898918
716,0.8805377580344638
717,6.427924238976406e-05
718,0.050935678980225774
719,0.42518413788728726
720,0.32597927584172043
721,0.7263161771780223
722,0.39891644226161693
723,0.9614706775504125
724,0.9853828122766989
725,0.8785032719517053
726,0.07968095813025171
727,0.017947676056518234
728,0.9487386640516694
729,0.22470336643462036
730,0.3563355567872731
731,0.7839701919657249
732,0.023343307651510173
733,2.4389178163190276e-08
734,0.2212207181699102
735,7.697615899862875e-07
736,0.9302763320522768
737,1.815315970974707e-05
738,0.21653682621754458
739,0.014729560998539174
740,0.8125958837326936
741,0.9999999999841407
742,0.21145267731457748
743,0.020445498870056436
744,1.10676702221865e-10
745,0.9293499559780093
746,0.8837585073676409
747,0.44716194455936586
748,0.07641834264783579
749,0.1814534534986762
750,0.9985873818599648
751,0.6572161290167199
752,0.766289145866998
753,0.5535234534878307
754,0.34699900681491985
755,0.00013167364199775778
756,0.2020411602603867
757,1.9947982716420565e-05
758,0.008370038441637627
759,0.884542411513092
760,0.40904470603588117
761,3.130920125470783e-05
762,0.43899207908276905
763,0.00871479988786491
764,0.646370256390543
765,0.3289184354360836
766,0.04999309566955134
767,0.12423486371893448
768,0.22886663662719697
769,0.008340538174453859
770,0.989158844821782
771,0.9508747839999246
772,0.871350405514369
773,0.9720037416711469
774,0.7785925409722806
775,0.8329493067661734
776,3.782929643630064e-14
777,0.8365393523608421
778,0.9997365605453373
779,0.09371570634854505
780,0.11133010205226926
781,0.025815050875644202
782,0.443921375498525
783,0.11125877563638112
784,0.057109814084838714
785,3.3114024826816994e-06
786,0.4325431443034923
787,0.6430418478956454
788,0.18511440839119542
789,0.18870682414136047
790,0.18792064227705463
791,0.32462487291527875
792,0.061531263960496255
793,0.8517531590598089
794,0.40115486713560317
795,0.11977545030228404
796,0.5163288894809979
797,0.20545305074255596
798,0.0927530019283206
799,0.9331068192649238
800,0.04851728549384963
801,0.09741912847463027
802,0.002420321793451495
803,0.49440398292191334
804,0.9725205896850022
805,0.965546108301077
806,0.31344541476751125
807,6.456433670601527e-05
808,0.3197012008164308
809,0.9464356254177596
810,0.31021471710569104
811,0.870918555714588
812,0.016233044036314037
813,0.3622270041519768
814,0.03475193675214273
815,0.08578937500644548
816,0.10107347417177866
817,0.09865607763146961
818,0.8374967792076513
819,0.00014100278062157762
820,0.9293246753792489
821,3.307739104726751e-05
822,0.061618540307435125
823,0.6775898446260229
824,0.009720183164529746
825,0.006218484738210172
826,0.4125815731135309
827,0.04139283592599528
828,0.021899928078751008
829,0.24318392969861924
830,0.9317989469341154
831,0.8542617058174448
832,0.9157900997695934
833,0.3381788789464545
834,0.23110216329702146
835,0.33670916628773584
836,0.3348727670103026
837,3.6646169461324464e-12
838,0.00138446273831225
839,0.21854330408949219
840,0.2736946964912839
841,0.21225257750424506
842,0.9398869932772375
843,0.19152894596175485
844,0.17595504017928587
845,0.020975231246818122
846,1.2854052796553407e-06
847,0.5969802839908757
848,0.09440740274523692
849,0.46497769726325827
850,0.053993723061034456
851,0.71824902305691
852,0.9048660086187063
853,0.10288857718698886
854,2.1850862515094025e-13
855,0.9991427030538403
856,7.3176211585686e-13
857,0.06641016939979873
858,0.6831992543501495
859,0.719765279207743
860,0.9517870914832929
861,0.9212352264869648
862,3.5070222839218853e-06
863,0.20906628854059245
864,0.3179194023936433
865,0.9200969749617507
866,0.005785602802702559
867,0.5247905718085831
868,0.04055962398736536
869,0.41104273981379846
870,0.26865176027279036
871,0.8610193128775235
872,0.42030084386754124
873,0.9926194893466549
874,0.4411270355252543
875,0.9257914301375001
876,5.689618922115637e-10
877,0.6150763329517654
878,0.8760551951159241
879,0.00014798776865492305
880,0.07310832234638971
881,0.12122472297867364
882,0.3785115909629702
883,0.5962240422449795
884,0.13743047118668006
885,0.8531232504144081
886,0.9126004695866723
887,0.0050006480354657995
888,0.4871428670160944
889,0.2822424800017055
890,0.7167556022518622
891,0.5039943698253263
892,0.9979949154277606
893,0.4304675290470876
894,0.09623529736200565
895,0.0001963260851605224
896,0.20944945309352736
897,0.00934147548833198
898,0.2252799630998369
899,0.04783209375812458
900,0.4146158984438569
901,0.36095358751799844
902,0.3396781944465429
903,0.18653720642763902
904,0.9384350370944954
905,0.4421204555815938
906,0.45051416853047144
907,5.1018170009152374e-40
908,0.05293463234222403
909,0.4410426678762993
910,0.16512342686925127
911,0.8090019641788102
912,0.27444931688103996
913,0.6282153046043908
914,0.9881235120627243
915,0.4004422775379914
916,0.017542218224179215
917,0.6062472482130361
918,0.9963259398205934
919,0.0006515095648905358
920,0.11757995148635052
921,0.19569184163735817
922,0.09046947536908105
923,0.9274770617449539
924,9.966053836674189e-06
925,0.5009033548228359
926,0.895602768661896
927,0.0552095731043939
928,0.7578814926300963
929,0.9999462135155502
930,0.782214998805463
931,0.9343448069941682
932,0.004533162323005391
933,0.14635463461457798
934,5.496022882595816e-06
935,0.0020009043432753105
936,0.5545259794978247
937,0.20805094686241227
938,0.3100391448038489
939,0.0005081082438600177
940,0.9992900301610597
941,8.186315939102647e-05
942,0.3745121755159902
943,0.6547628598989541
944,0.6055806084955427
945,0.5357929431687255
946,0.4774140169017107
947,7.029595604008027e-07
948,0.10094977404529966
949,0.5717073885738068
950,0.9289855441161959
951,0.6710693174834019
952,0.4358209524174089
953,0.8908038465857195
954,0.9363968716140592
955,0.010934240154370882
956,0.6137546278436279
957,0.558070479076162
958,0.9613475087281561
959,0.26092144882111756
960,0.8184881150848838
961,0.9045006592005446
962,0.26804529747159295
963,0.017006820305573614
964,0.7352823025665545
965,0.8092160777731409
966,0.6262949065235758
967,0.8952899758693429
968,0.2894795946834505
969,0.4355456781744906
970,0.11870845667293632
971,6.550681803848112e-10
972,0.6294924623093434
973,0.12048133764581347
974,0.048078854488174734
975,0.4264477322682794
976,0.48832230474966504
977,0.22142114148221156
978,0.35370760587267225
979,0.3698656581724078
980,0.2703296382546366
981,8.550500368342063e-08
982,0.34956019966623414
983,4.096763818459843e-05
984,0.9997695243506649
985,0.8049432673836797
986,0.865610305268843
987,0.1530280384580667
988,0.7728685766639272
989,0.3913847589687343
990,0.4345000161198757
991,0.9991105075940989
992,0.6025900337124922
993,0.961164146920442
994,1.0735211188043251e-11
995,0.750158520221533
996,0.4100332959572688
997,0.03389836532658012
998,0.3133240810148284
999,0.4260721033526014
1000,0.0031053412254616907
1001,0.5268766400722987
1002,0.027538009552606085
1003,0.022898922360906696
1004,0.97855281797911
1005,0.7686496857427201
1006,0.005828101171562554
1007,0.6860013126849563
1008,0.9856233584796933
1009,0.0059601047503623095
1010,0.2924003450071909
1011,0.5057011140590055
1012,0.4701028741973426
1013,0.12770544063338776
1014,0.41977448878226853
1015,0.972791301633701
1016,0.30134935796656054
1017,0.12007543334689938
1018,0.3263657832159192
1019,0.7075366373510834
1020,0.22835014848902657
1021,0.20118090014883688
1022,0.33762898103390043
1023,0.7299556381786011
1024,0.9205319333742167
1025,0.2812454028981457
1026,0.35331808688122324
1027,0.2900938137152873
1028,0.3494949012870606
1029,2.3197162966951308e-20
1030,2.0531212933922878e-05
1031,0.9913679647817912
1032,0.7826641092472861
1033,0.001387193925307114
1034,0.9829353179959998
1035,9.115353223754797e-05
1036,0.9842742155919172
1037,0.999913242286334
1038,0.3700576845007784
1039,0.17416101955565638
1040,0.7658434118755792
1041,0.5711182512708505
1042,0.9298262693202424
1043,0.8155536202482657
1044,0.06085727387408366
1045,0.07341622708019051
1046,0.8985337104158841
1047,0.6514035923188468
1048,0.1335758795935716
1049,0.13973785843458025
1050,0.33838251986622364
1051,4.475241063697684e-07
1052,0.5032699279930118
1053,3.2682376465231544e-05
1054,0.14464972304705673
1055,0.23817858546941773
1056,0.001497239027183542
1057,0.3507812245110522
1058,0.9977650807079724
1059,0.913188771223936
1060,0.5116672481117995
1061,0.8886994370166889
1062,0.3707955979672217
1063,0.5630297527457976
1064,0.41235628862616674
1065,0.9633260772122576
1066,0.5851181910699325
1067,0.14138419955402784
1068,0.0033290786778971313
1069,0.0014498083994241707
1070,0.36682037028802184
1071,0.37177905201611483
1072,0.8843660100734331
1073,0.9489900354002048
1074,0.38411015181260355
1075,0.38424633327411756
1076,0.021769920905603285
1077,0.9291423044742503
1078,0.140652776172168
1079,0.0010742608068701645
1080,0.38447902765486935
1081,0.23810229916952616
1082,0.3602154725994649
1083,0.027905352599141734
1084,3.458771881808405e-08
1085,0.0155390225712083
1086,0.5154263456022532
1087,0.14795512083328993
1088,4.74967700137944e-10
1089,0.04131820744727892
1090,0.08445311706796926
1091,0.00016729068228369968
1092,0.7791651808187688
1093,0.8963392171259527
1094,0.016831923728293632
1095,2.5845538530421105e-21
1096,0.07146073219003098
1097,0.7606138523708813
1098,0.11169935767761723
1099,0.758699809031282
1100,0.8120733464789789
1101,0.5343849576916222
1102,0.9982011637742029
1103,0.5767014509739422
1104,0.9831919221896057
1105,0.41373423337667503
1106,0.01818967829155298
1107,0.3882720403734957
1108,0.0008460780926094566
1109,0.022451010637850995
1110,0.6256122801935342
1111,0.32409792327189824
1112,0.9936306352424104
1113,0.9453719976160108
1114,0.9671370916895643
1115,0.9473858926963391
1116,3.6166075511437414e-05
1117,0.9053014611447939
1118,0.07024612666328485
1119,0.23609898994610484
1120,0.33741322862600304
1121,0.0009032206070214698
1122,0.00880282462251639
1123,0.10358412652074228
1124,0.5543968925629662
1125,0.7297906910377076
1126,0.5894787626829567
1127,0.022406279715530133
1128,0.00018878715127745296
1129,0.37518814748287904
1130,0.4263534498013018
1131,0.03572567783301536
1132,0.6734640327171292
1133,3.3311965507732047e-05
1134,0.042999299791232834
1135,0.8007745742354432
1136,0.1867873999708944
1137,0.10484159361046431
1138,0.0024960515383618386
1139,0.26341863772006946
1140,2.1549810855360133e-10
1141,4.46680419804583e-06
1142,8.378154415543964e-05
1143,0.034183608579440555
1144,0.16535977019694495
1145,0.4460902846341666
1146,0.5745386778428856
1147,0.1549074127162137
1148,4.3201914791567775e-05
1149,0.002068478040242023
1150,3.084463561481533e-22
1151,0.31898175651630756
1152,0.9735970837193811
1153,0.9276204987883665
1154,0.8560446442148218
1155,0.3120307955727573
1156,0.6024439452474892
1157,8.787772607109196e-07
1158,0.4000685284371234
1159,0.0018883031339598573
1160,4.61669850039862e-11
1161,0.93262326334426
1162,0.8284593724999184
1163,0.78597891287827
1164,0.4639999787906586
1165,3.102518742322983e-08
1166,0.46405166648749874
1167,0.4223032867748477
1168,0.269102108388456
1169,0.4621945492472568
1170,0.04292911162228598
1171,0.0020744093927622534
1172,0.06637423326800096
1173,0.38219970205232273
1174,0.5231398754242381
1175,0.26784378348630106
1176,0.9425209597958254
1177,0.4721763855770209
1178,0.7314730246347437
1179,0.006762469567570161
1180,0.0020236861961107984
1181,2.8691885273984364e-08
1182,0.43606182517080627
1183,0.13565643627255958
1184,0.5334412184691706
1185,0.0042356136224324615
1186,0.9124198610600488
1187,9.161059956922174e-06
1188,2.144342976849794e-06
1189,1.5307618459748936e-05
1190,0.20724505008855715
1191,0.4888488962241911
1192,0.006648967043509968
1193,0.4955052256512184
1194,0.6920144748706187
1195,0.840111650382884
1196,0.012813777075823882
1197,0.20588297509826886
1198,0.6825209638919146
1199,0.20175242917314326
1200,0.2618930917560107
1201,0.12770659064889653
1202,0.01836061975131048
1203,0.5917088183192042
1204,0.2956555129688139
1205,0.4822970574232521
1206,0.9386754488581208
1207,0.04484661884471494
1208,0.4308722923332794
1209,0.9864629566252462
1210,2.7682332846289538e-17
1211,0.15839206297522085
1212,0.5018369778127508
1213,0.4552903704346995
1214,0.8551883770932538
1215,0.7032029324012528
1216,0.03956709600552962
1217,0.27428311913064546
1218,0.9903432983274113
1219,0.5142714345166538
1220,0.443754871282464
1221,0.8378063548746304
1222,0.31607341152696333
1223,0.9997937105222572
1224,0.480067870850147
1225,0.6362492284297301
1226,0.8456582136580669
1227,0.8769328375108684
1228,0.11253729597033406
1229,0.035715321940879195
1230,0.8829965178885143
1231,0.01285501680887923
1232,0.16733067542660543
1233,0.05657543332931461
1234,0.07516149615438211
1235,0.21867498679013875
1236,0.34250496453394086
1237,0.5142714345166538
1238,0.6560599966101968
1239,0.008331514232692697
1240,0.01057953950971399
1241,0.24771726611400677
1242,0.8010622474987523
1243,0.5485024155535605
1244,0.03158239109449713
1245,0.7989536132070194
1246,0.0016218818695161133
1247,0.03426149202369603
1248,0.2087340129159674
1249,0.6606921807080376
1250,0.9031828358395751
1251,1.4991097477023766e-05
1252,0.5544448237376173
1253,0.9398934367767438
1254,0.9824338344925592
1255,0.13498320955741558
1256,0.002380765237280055
1257,0.03614918362619145
1258,0.8499040514048669
1259,0.9923440247384888
1260,0.13525634065224484
1261,0.3865526076424866
1262,0.15114502885925937
1263,0.8836898419630742
1264,0.14658109159180083
1265,0.4812074226462679
1266,0.7678124581024225
1267,0.06315926896429752
1268,5.681570039819657e-16
1269,0.240751750959537
1270,0.5466652448832922
1271,0.995148178901085
1272,0.16590117196780632
1273,0.941880698502324
1274,0.06482839812826491
1275,0.9551542555437034
1276,2.7764632206674603e-06
1277,0.37680269109120074
1278,0.38534317529869616
1279,0.3794041973608959
1280,0.9458332580739257
1281,0.9033326221674968
1282,0.7747291959544544
1283,0.478110156735096
1284,0.9617194391759992
1285,0.005411522571406417
1286,0.5172706181219586
1287,0.025148333314810572
1288,0.0841624884598743
1289,0.9953317253991272
1290,0.041036932021213994
1291,0.013199658075794717
1292,0.01081810665580811
1293,0.058502124773501314
1294,0.07063505280284847
1295,0.8983383030859923
1296,2.6611583778736727e-11
1297,0.00437968161268468
1298,0.0009552161368012714
1299,0.17913108288740034
1300,0.6754225231840204
1301,0.0350273159142739
1302,0.11707442413335781
1303,0.5494920639657127
1304,0.9377731598512592
1305,0.6997458641439475
1306,0.0011965605564952678
1307,0.4537982522968628
1308,0.42954523681946627
1309,0.8475993738780878
1310,3.0382659250419342e-06
1311,0.41181925221629373
1312,0.3562158757991504
1313,0.3760204229533144
1314,0.06774580581554521
1315,0.8302523944536434
1316,0.8647721223881906
1317,0.00267190731154844
1318,0.017536197296780458
1319,0.513183972114357
1320,0.7412031241696405
1321,0.0025751069071198902
1322,0.027724917922052866
1323,0.0007503717520869625
1324,0.09945125794925806
1325,0.4494826334934322
1326,0.44822565553810956
1327,0.5265532454688132
1328,0.9992953513814775
1329,0.16337046699211116
1330,0.23263068122081026
1331,0.44265158437527935
1332,0.12331766704522816
1333,0.31392783524896867
1334,0.8516054196249663
1335,0.9990650165552784
1336,0.3317262252721472
1337,0.8125313515547884
1338,0.04621153082883568
1339,0.04618972001128815
1340,0.15126166389227846
1341,0.002041517278790544
1342,0.0005160928424856097
1343,1.2646967669078088e-15
1344,0.4249223193960936
1345,0.16241400079427826
1346,0.31606767989701934
1347,0.6221333982078434
1348,0.022674262452622183
1349,0.00010983575225815477
1350,0.07286168779576249
1351,0.21940582963952748
1352,0.11777372365445843
1353,0.3984604912210044
1354,2.2024204341254835e-09
1355,0.6286275917058746
1356,0.28470605969104673
1357,0.7369174707102162
1358,0.09198059294780239
1359,0.2376040427155098
1360,0.011418701893764002
1361,0.3583756342553898
1362,0.9995970351503333
1363,2.3880590791856668e-05
1364,0.6619729481042899
1365,0.24214721388333718
1366,0.8088047102043459
1367,0.019455406586494303
1368,0.0002063133808887156
1369,0.9986951626717329
1370,0.18614929374723085
1371,0.6469141938608381
1372,0.8003332512249707
1373,0.24754186103179984
1374,0.035182412452847665
1375,0.9940600168939258
1376,0.9789875372518886
1377,0.6806556469007907
1378,0.126296488475796
1379,0.2896140999661028
1380,0.19577754090337177
1381,0.023234345881373346
1382,3.2026853629397897e-06
1383,0.6751066423008215
1384,0.024401447470831675
1385,0.6023592494229661
1386,0.0003333642276733252
1387,0.18347965543630532
1388,0.9991864497301984
1389,0.9206580222541279
1390,0.006262101315209779
1391,0.0012376613240431189
1392,0.0023644226541257077
1393,0.9922937876624699
1394,0.28205916411865106
1395,0.5910893319536147
1396,0.026951934773474726
1397,0.8980427725428003
1398,0.005310134975840692
1399,0.04189048758513815
1400,0.2483215237599617
1401,0.24621060084294724
1402,0.050418636694874945
1403,0.43413994257701277
1404,0.9970834153276891
1405,0.4014554841949428
1406,0.9910081074505747
1407,0.10742735910060307
1408,4.128298706717294e-18
1409,0.06033567677481497
1410,0.2903513844089754
1411,0.6879487209043463
1412,0.1246232690009767
1413,0.4434072694984712
1414,0.1034364973804187
1415,0.49890879635882596
1416,0.936184570149142
1417,0.8982589117917429
1418,0.9194308703043113
1419,0.9198795515066747
1420,0.6117120264616956
1421,0.5955899736578881
1422,0.9224788845855585
1423,0.025803998306879752
1424,0.522101828482421
1425,0.9591563202693325
1426,0.6935400876376409
1427,0.48378330617999643
1428,0.10012596840939286
1429,0.31920670110150406
1430,0.9207491524126935
1431,0.08096129512928485
1432,0.10992415008289484
1433,4.081385287699162e-11
1434,0.998347185550046
1435,0.3496520792017953
1436,0.08650961450454496
1437,0.0910002503878687
1438,0.5868661477739464
1439,0.4970886939670922
1440,0.9097949361382534
1441,0.9976143690380708
1442,0.2652855748208422
1443,0.0021180051917301175
1444,0.4062894646568284
1445,0.15463079027782767
1446,0.14926872898055193
1447,0.4168319109952063
1448,0.6534741607081309
1449,0.7066931681214824
1450,2.4314783698831987e-05
1451,0.4129453126860756
1452,0.19979833324539395
1453,0.31443894715976217
1454,0.0004747981551653876
1455,0.00017140705027279116
1456,0.17367891523216042
1457,0.053048216933341545
1458,0.5010375532302863
1459,0.9908275007910459
1460,0.44233111889887405
1461,0.6850298543422659
1462,0.45325370422143935
1463,0.39149363942769116
1464,0.01634652708437529
1465,0.7600063466959357
1466,0.32155909288669887
1467,0.3361662053398305
1468,0.2585777040955363
1469,8.006108398499189e-08
1470,0.2835200755470215
1471,0.9751633871069716
1472,1.2631572319682478e-08
1473,0.7237318533966691
1474,0.9055263285075871
1475,0.9835261027522438
1476,0.3274738342665019
1477,0.8727858915719263
1478,0.6617472705373367
1479,3.0301170994502516e-12
1480,0.41878255878327114
1481,0.44448597830253256
1482,0.06427737386471499
1483,0.29757328954299134
1484,0.7514307271221806
1485,0.6930570953726465
1486,0.6520816873674357
1487,0.30483434348016125
1488,0.8320726906850375
1489,0.5548990607104829
1490,0.8549271074487145
1491,0.036655787490803796
1492,0.08378446864171911
1493,0.020583210487497887
1494,0.4503955223099258
1495,0.9352003205156769
1496,0.37507719011036605
1497,0.01428221317011517
1498,0.08509702863415104
1499,0.9205934338323012
1500,0.0009013377904290243
1501,0.0073421800580179206
1502,0.7055945149632823
1503,0.007888961932420953
1504,0.004676009010544726
1505,0.2740916967251707
1506,0.6706128394622287
1507,3.6623106196032333e-06
1508,0.05245687494295162
1509,0.85722867027567
1510,0.006910202165078004
1511,0.0005928669794338895
1512,0.8314355582250093
1513,0.6954605063038238
1514,0.037192751942724755
1515,0.07470288953807516
1516,0.2568855208045946
1517,0.38262330845033793
1518,0.11633053517739798
1519,0.03499095758222953
1520,1.3073475969745686e-06
1521,0.5968611299110808
1522,0.45669135750539597
1523,0.29762493254767486
1524,0.11121458378686015
1525,0.4613413165385659
1526,0.09950345133839356
1527,0.26805355911827755
1528,0.9833540323796922
1529,1.5719157405710807e-05
1530,0.025547799171253348
1531,0.3947173945677978
1532,0.4356376747167772
1533,0.2952355010856041
1534,0.9435434807293778
1535,0.9988419672950196
1536,5.887464447526582e-05
1537,0.669136999889155
1538,0.17276093228525496
1539,0.8140343326324646
1540,0.0029641461583536505
1541,0.364799319107472
1542,3.3407319933973214e-07
1543,0.4700839676428863
1544,0.8584551199577047
1545,0.0029518187422549877
1546,1.3631668079389305e-11
1547,0.3737935679886879
1548,0.1717265368722043
1549,0.4614648256145286
1550,0.05932857318728903
1551,0.4399206030404514
1552,0.024592752045408187
1553,0.0027428430033614474
1554,0.9999449366535764
1555,0.21321821715342434
1556,0.0025484595431733586
1557,0.07416827750003534
1558,0.040253014272265235
1559,0.19978020901751523
1560,1.8680838282900738e-06
1561,0.745547806852552
1562,0.6402538582991886
1563,0.7170366909590674
1564,0.20984700609880974
1565,3.158928954404917e-11
1566,0.5334091781938898
1567,0.19753503892161314
1568,0.05411001721470131
1569,0.026031018060779995
1570,0.9198895459557737
1571,1.426063221171966e-06
1572,0.09537607086194226
1573,0.003643454984874693
1574,9.913863952528542e-06
1575,0.9890989586844748
1576,0.43484908609580647
1577,7.998224931201856e-05
1578,0.45052646088662757
1579,0.02681980528574029
1580,0.1791332641170566
1581,0.8316136444296794
1582,0.9659175543213864
1583,0.811471838846554
1584,0.07509928986895346
1585,0.004500780815453087
1586,0.07200674484546073
1587,3.8799128830605255e-12
1588,0.004229777522612085
1589,8.37084231626299e-11
1590,3.2188078751642992e-12
1591,0.983344036138411
1592,0.7822919400011015
1593,0.8675125816802852
1594,0.13939528970087228
1595,0.8168892306573228
1596,0.0001551306435592653
1597,0.0005600584462237974
1598,0.006330329210120651
1599,0.1886047123989381
1600,0.02671738222681727
1601,0.6351725694711218
1602,0.5420781246208218
1603,0.7076872429581762
1604,0.052075197669447855
1605,0.2315136584153905
1606,0.9768740164310961
1607,0.873381792595135
1608,0.20156387486799437
1609,0.8588918486535534
1610,0.08088774782414083
1611,0.5167042932627791
1612,0.41162005628252446
1613,0.9398869932772375
1614,0.94644548216291
1615,0.26418392859226775
1616,0.9692502352472633
1617,0.3682002375358672
1618,0.004723192272277632
1619,0.9953233708984559
1620,0.29270848717128306
1621,7.234371073945561e-06
1622,0.6670752581523084
1623,0.1280033784728922
1624,0.9017817393232881
1625,8.176154375069068e-06
1626,0.029491236833205727
1627,0.0005743153236164186
1628,0.3259724142521928
1629,0.4507860305626693
1630,0.8730201880101875
1631,0.3996757852113336
1632,0.34900715645172675
1633,0.628017614250498
1634,0.03784291178330088
1635,0.8580504032809914
1636,0.5968051265059731
1637,0.06932029006677894
1638,0.005991900432645534
1639,0.003944133094666648
1640,0.008227282305768299
1641,0.0954690427919382
1642,0.9555943142154937
1643,0.04243165500118427
1644,0.8441376978020382
1645,0.8522141861184942
1646,0.06609208230235246
1647,0.8775750519410563
1648,0.03727277466059305
1649,0.590959538269394
1650,0.35286478291810636
1651,0.39854911376385427
1652,0.902420846800485
1653,0.2066853624202206
1654,0.7423614035259815
1655,0.9978380820428293
1656,0.9670635070308141
1657,0.3712018841778996
1658,0.5664714907800572
1659,1.3327874009241118e-08
1660,0.9867508505606724
1661,0.9442885442838708
1662,0.2618072366805144
1663,0.7228565173022884
1664,0.009402709553604222
1665,0.5325624664404657
1666,0.9983132637026239
1667,0.014682627496932044
1668,0.05427862193306447
1669,0.962729289998791
1670,0.082211088773903
1671,0.6178453490590002
1672,0.03739703180394463
1673,0.9091564295211776
1674,0.7266501346436406
1675,0.7853616670845369
1676,0.998778805275208
1677,0.06250657630221325
1678,0.5197624123801589
1679,0.9461053243008429
1680,0.7834531338515304
1681,0.34486337773966835
1682,0.224120390492198
1683,0.41075127690272106
1684,0.15407421974762056
1685,0.34294164174930425
1686,0.06896118067025721
1687,0.8029162579522218
1688,0.9781714390804005
1689,0.9733400394291233
1690,0.08932944647632646
1691,0.5488534989015008
1692,0.9996144549358166
1693,0.6964708425819192
1694,0.5247911597377666
1695,0.602219308778466
1696,0.6525395524434058
1697,0.029952587743536933
1698,0.051388865592422645
1699,2.107287237511486e-06
1700,0.21954272201065247
1701,0.42106517418563166
1702,0.6569436215941039
1703,0.005627888269636687
1704,0.36065137845990697
1705,0.0812435800598075
1706,0.04407576251453959
1707,0.27921965717785113
1708,0.9398869932772375
1709,0.6726015576282051
1710,0.2281157780601553
1711,0.8647721223881906
1712,0.9999295612402028
1713,0.5199025472291597
1714,0.3707955979672217
1715,0.4942010832320998
1716,0.8192532853586899
1717,0.3119176167146856
1718,0.06066733337844767
1719,0.241588390827074
1720,0.8894025770122251
1721,0.7620287402691515
1722,0.0006488934403248752
1723,0.9493045379949829
1724,0.8147836618348393
1725,1.4223899471663317e-08
1726,0.4262828644499485
1727,0.5762609597821367
1728,0.08993606989799044
1729,0.2565702249852708
1730,0.9978499922521172
1731,0.28465477511332526
1732,0.9629271581309825
1733,0.14679552411942157
1734,0.5059756738905687
1735,0.6267205863599696
1736,0.1118008825286375
1737,0.9510174561578133
1738,0.6039187322113513
1739,0.8555414298717505
1740,0.9112787625056857
1741,0.07817700211653428
1742,0.00688488753075058
1743,0.016547824205942002
1744,0.16248555732855852
1745,0.18614857890094622
1746,0.9138198127566798
1747,0.0880604709944521
1748,0.6572161290167199
1749,0.9976813464978603
1750,0.09585282090578943
1751,0.3353017656314959
1752,0.1826837462365298
1753,0.15152140147790388
1754,0.6068637681308963
1755,0.3163757653369944
1756,0.7629363996727659
1757,0.8639155036949554
1758,0.9861228932455164
1759,0.29479704563414894
1760,0.4468607953344974
1761,0.997301690292974
1762,0.02278334369838903
1763,0.8310852942084967
1764,0.948772731024116
1765,0.5956772447013164
1766,0.16162660608602095
1767,0.5142714345166538
1768,0.9998138052643543
1769,0.0006193707291237684
1770,0.997155451854971
1771,0.7743880191194518
1772,0.017052681938379232
1773,0.511927269988394
1774,0.9141507444360523
1775,0.9308765417773439
1776,0.773586818458292
1777,0.4248315629121407
1778,0.9581109626652341
1779,0.16465527194949095
1780,0.6827433569065292
1781,0.12741516514861922
1782,0.03365485858969712
1783,0.7974228226793142
1784,0.7283490783715385
1785,0.5938651629692344
1786,0.5905609650017777
1787,0.02943750576143734
1788,0.8432858148019594
1789,0.4488245578473759
1790,0.3646985628928595
1791,0.9896206462965227
1792,0.012675276562143465
1793,0.005587407577863895
1794,0.08682449537622337
1795,0.7319985903910062
1796,0.9999999999994316
1797,0.00031431233059838815
1798,0.7680178724142745
1799,0.002918770316499373
1800,0.4977420779533847
1801,0.0011923424756178516
1802,0.33083879900373186
1803,0.7983325150638686
1804,0.6190272271874505
1805,0.952028619452875
1806,0.02496625418001345
1807,0.6456795726512113
1808,0.8665394390906789
1809,0.2362545090492916
1810,0.006373472398378061
1811,0.38775357482347966
1812,0.5543968925629662
1813,0.003008300741532399
1814,0.6267596863129081
1815,0.6626593035613793
1816,0.2603102013747974
1817,0.0508412440864481
1818,0.9850265750959529
1819,0.04368653865231869
1820,0.5142714345166538
1821,0.8613267502211803
1822,0.1839871423610472
1823,0.6396757904126051
1824,0.971208574817628
1825,0.21665548363465795
1826,0.9813900296336212
1827,0.28999230324130154
1828,0.3289236808206862
1829,0.1586075014000408
1830,0.4698410060468148
1831,0.16025790556778938
1832,0.9562427101654298
1833,0.1228376946982258
1834,0.9273696775323943
1835,0.005354372761953695
1836,0.15309124477618197
1837,0.2819975536880399
1838,0.9965101228829262
1839,0.7312910892637182
1840,0.5466741041645988
1841,0.8517624480266152
1842,0.00018018541775094557
1843,0.0034473968128999727
1844,0.9725655532878864
1845,0.004790790475548655
1846,0.013010217169086308
1847,0.5932941700309654
1848,0.0028915955345803217
1849,0.5247817816400708
1850,0.0009099156052885151
1851,2.3325369232809252e-05
1852,0.03316208656776103
1853,0.07938783438033785
1854,0.8552684855889171
1855,0.29141839638641037
1856,0.9655381011266891
1857,0.7252898692180496
1858,0.3785115909629702
1859,0.8019826785480275
1860,0.009482403056448175
1861,0.8421198155696233
1862,6.852751805082628e-11
1863,0.9308983263627861
1864,0.8075524100332552
1865,0.8454374182634501
1866,0.19368553658064316
1867,1.1361152819713207e-05
1868,0.1439422551464741
1869,0.720108807812432
1870,0.9999998935733799
1871,0.0015040136611971066
1872,0.13256322070949306
1873,0.4489941084031779
1874,0.0863735855620321
1875,0.17078818416960073
1876,0.014372638837048224
1877,0.2320082434662362
1878,0.3816402736188646
1879,0.04522412042516185
1880,0.4011591917625783
1881,0.42294030462877674
1882,0.043096807484548756
1883,0.0340955211497694
1884,3.4886085049091194e-08
1885,0.9097318297987826
1886,0.982064396504062
1887,0.24537158216497187
1888,0.23493992246618833
1889,0.8937493617547456
1890,0.2774608980796939
1891,0.8985445499082952
1892,0.47667673518240805
1893,3.215505475283323e-06
1894,0.12178314518194304
1895,4.9152601152694355e-05
1896,0.036194685875949116
1897,0.8395441438857453
1898,0.52934472994655
1899,0.004292049279009542
1900,0.9447433040172857
1901,0.3702295763239078
1902,0.000500669657984784
1903,0.2508415199557528
1904,0.016253364015578926
1905,0.126291691369747
1906,4.421754623467885e-12
1907,0.6360993851286872
1908,0.0008504709923521505
1909,5.516930127462691e-12
1910,0.9999986219103053
1911,2.0338768336831733e-07
1912,0.8884418205704175
1913,0.9095680666584185
1914,0.4548245064536189
1915,0.7453183800654757
1916,0.8993019982205616
1917,0.9678120937239633
1918,0.2452366810999838
1919,0.2774608980796939
1920,0.041335026048500284
1921,0.9891544877533817
1922,1.3036068532049078e-05
1923,0.03727079173800835
1924,0.5323069915343351
1925,0.07021127204581872
1926,1.8725541436813382e-07
1927,0.054618640265819765
1928,0.05073634954988041
1929,0.03501248373944239
1930,0.4172632892191171
1931,0.5210293934686698
1932,0.004568598569893892
1933,0.8558448646221603
1934,0.5429871501478253
1935,0.03128274972175917
1936,0.6986689827283508
1937,7.404783420048738e-05
1938,0.1403941653770059
1939,0.9644322193529669
1940,0.9997436713521612
1941,0.8406556906488103
1942,0.6593701263058178
1943,0.3303981169336411
1944,0.9480814721094614
1945,0.2774608980796939
1946,0.48770192076171026
1947,0.0002049942048564088
1948,0.8355119417298037
1949,0.12261824229123074
1950,0.1160187719901513
1951,0.39084749704297855
1952,2.80481719538526e-13
1953,0.9013379268457029
1954,4.369410509450192e-06
1955,0.11171745181507015
1956,0.3663074576787571
1957,0.46871652484254483
1958,0.9097949361382534
1959,0.8140303300643494
1960,0.6055806084955427
1961,0.055591806234008494
1962,0.8046761186654783
1963,0.39720904156064457
1964,0.5023187472484913
1965,0.8485681496924874
1966,0.9999915984108094
1967,0.4005331297360994
1968,0.5649200443478835
1969,0.6793539584726732
1970,0.9851626256155521
1971,0.9861022795147124
1972,0.623645325234453
1973,0.03135603600506015
1974,0.40076707106180204
1975,0.974520780115225
1976,0.8153997571367798
1977,1.2816934803643192e-08
1978,0.7630352539439028
1979,0.5736563423571045
1980,0.9976136211857853
1981,4.6473548824483256e-05
1982,0.9242453860558282
1983,1.4385666232412082e-05
1984,0.4631080332763074
1985,0.21700916726820757
1986,0.5298458447710533
1987,0.05129784099486124
1988,0.4651957078663301
1989,0.6443406003615433
1990,0.028109165423402742
1991,0.1310227442081568
1992,0.32589754278487804
1993,0.8583398802923817
1994,0.2486074187098862
1995,0.45968690112076943
1996,0.9669843132432946
1997,0.18215306204214338
1998,0.28658108641686586
1999,0.2792826652096608
2000,0.7721184368196451
2001,0.31864920073319875
2002,0.0022760529097962433
2003,0.6884645376276664
2004,0.005967340385543107
2005,0.6313153202500924
2006,0.03498944566368657
2007,0.9948569588023289
2008,0.8736805715711881
2009,0.29627887315392815
2010,0.06380763935257606
2011,1.4341341251239763e-13
2012,0.018753113111633087
2013,0.9439425941386672
2014,0.0014412564653105496
2015,0.01843467410142867
2016,0.27190952178037053
2017,0.7566495784933203
2018,1.5546818350491442e-19
2019,0.2029292331443463
2020,0.0010751909455860523
2021,0.4660376649731868
2022,0.16167961281368587
2023,0.20993118721899956
2024,6.041385760708135e-21
2025,0.0030984356303882027
2026,0.9269436764925735
2027,0.0018952401249139694
2028,0.999242304866393
2029,0.005732847969232088
2030,0.41793919509138244
2031,0.007493348314189719
2032,0.7365327699417104
2033,2.6432556157350166e-12
2034,6.11479950474159e-15
2035,0.5463790893398098
2036,0.44612088416589046
2037,0.867199460781377
2038,0.01070734270602996
2039,0.08936448037182108
2040,0.26577147200405365
2041,0.0950696222857699
2042,0.00022413210540484033
2043,0.8278324033261386
2044,0.011889318234341003
2045,0.8324914947676207
2046,1.9170375250670338e-07
2047,1.7897028764264925e-07
2048,0.8893008877151931
2049,0.30414691724335835
2050,0.8302384922178636
2051,0.012920906202966749
2052,0.3865526076424866
2053,7.539648465802481e-05
2054,0.4401336135329232
2055,0.6824565845921645
2056,0.9920047022917364
2057,0.5236303302273642
2058,0.6418125311383823
2059,0.9999846070371744
2060,0.4058949799621828
2061,0.027083514699507642
2062,0.7255722807429048
2063,0.0015571023666867665
2064,0.9382705780921645
2065,1.0667776240925676e-11
2066,0.09887985994740495
2067,0.360279138204672
2068,0.36346720957387174
2069,0.43651271755148713
2070,0.862059547507412
2071,0.002559066775543184
2072,0.16107306373234867
2073,0.0012064022648327084
2074,0.9062660850486733
2075,0.0002582077977221876
2076,1.0078631227720256e-06
2077,0.33460051182299955
2078,0.6899130398994955
2079,0.030587485155174548
2080,0.4775558823561073
2081,0.9770096375232012
2082,0.15523231214119548
2083,0.07304969602787877
2084,0.300735487509912
2085,0.040785250610522066
2086,0.4130103084598597
2087,0.6429527967280744
2088,0.1761757766733603
2089,0.632502723078919
2090,0.4227437917759844
2091,0.3257012764141298
2092,0.0036901301935979
2093,0.0029490944436607225
2094,1.8825092128163398e-08
2095,0.3218074299819641
2096,0.4264477322682794
2097,0.847533723440496
2098,1.5142720783608311e-09
2099,0.9996190409105323
2100,0.09161931219027512
2101,0.8360406640624776
2102,0.6809527088196244
2103,0.0005402851475226468
2104,0.9567786945489796
2105,0.39942714299035137
2106,0.9999999550605604
2107,0.4884070231755089
2108,0.27078759072485875
2109,0.021426212454259314
2110,0.31544612919634324
2111,0.17608444287471775
2112,0.11809685905260721
2113,0.9398869932772375
2114,0.8529271448912821
2115,0.4824565171682412
2116,0.36937636013690933
2117,0.2781167630470181
2118,0.8514930625511637
2119,0.33221787878738057
2120,0.0017612609858445793
2121,0.4503517316082223
2122,0.0046509287154814175
2123,0.1005221007526822
2124,0.7616514729191872
2125,0.07865868933278493
2126,0.998659000938683
2127,0.808831050689054
2128,0.44619880696039227
2129,0.8282527603730985
2130,0.9561446729133889
2131,0.1645492215924235
2132,0.005330847399654436
2133,0.04381258261475508
2134,0.3498097539983181
2135,0.9984705866630785
2136,0.6214014677024866
2137,0.5667505933529081
2138,0.3264317046749343
2139,0.9903188221313786
2140,0.2740916967251707
2141,0.5528196727947639
2142,1.5321349695655885e-10
2143,0.00034327337186024394
2144,0.44274580745700065
2145,0.016716547344079683
2146,0.37646062877457576
2147,0.10875231291963978
2148,0.07402906595981436
2149,0.788558577400049
2150,0.182219789270374
2151,0.47244627268351486
2152,6.167746084779752e-11
2153,0.5508466425682372
2154,0.22085748524653054
2155,0.9246589975844525
2156,0.6047089381228602
2157,0.028015662289454183
2158,0.9987022826254994
2159,0.13784575705792537
2160,0.0013593260289209092
2161,4.065306583893205e-09
2162,0.46857804627166355
2163,0.8779622560537962
2164,0.6819318550931955
2165,0.7594582408266279
2166,0.9507662345097002
2167,0.20478621766010274
2168,0.6629787503651713
2169,0.00291495666146653
2170,0.11296857015151275
2171,0.04953655482853033
2172,0.941880698502324
2173,0.0005900947174909219
2174,0.029527192216122402
2175,0.5075537611917573
2176,0.2715766727891865
2177,8.357219017669773e-08
2178,0.6769704824870375
2179,0.9997709849588977
2180,0.04745747329589247
2181,0.2390862305453766
2182,0.20317482763046146
2183,0.4949574526014095
2184,0.7358939150648767
2185,0.914141754618405
2186,2.8386175160226942e-08
2187,0.8802441676567032
2188,0.2708604962698342
2189,2.991730444106964e-09
2190,0.036819916350553705
2191,0.7399922537899136
2192,1.9120015993035786e-09
2193,0.5819991293979951
2194,1.0351152001916331e-05
2195,0.8548910700369646
2196,0.23784043833453083
2197,0.9730938177953404
2198,0.33232846168858593
2199,0.9816970273090965
2200,0.6191556208926629
2201,0.005927928523730404
2202,0.0006526556715530311
2203,0.8595253003988501
2204,0.23576511360235403
2205,0.9335388792179168
2206,0.10667773171853544
2207,0.18658635202454807
2208,0.9549704903866353
2209,0.8355663236749902
2210,0.013054703955350655
2211,0.0022740573619156527
2212,0.7279264126659372
2213,0.3780093395694656
2214,0.0009185470138122521
2215,0.26571998423096965
2216,0.27587396452031965
2217,0.028427190145284338
2218,0.03378473542113279
2219,0.0005274064558553786
2220,3.058877910647314e-07
2221,0.00040587330953156553
2222,0.6572161290167199
2223,0.26577147200405365
2224,0.6387186594066454
2225,0.3275934795344012
2226,0.9991000362796408
2227,0.6211651722893308
2228,0.9805786279753601
2229,0.00020555445173105511
2230,0.21660763007425227
2231,0.9636398094151918
2232,0.99986764664721
2233,0.17754246679348618
2234,0.46883523777543645
2235,0.18146517193798972
